customer_id,months_active,logins_per_month,support_tickets,plan,ltv,is_churned,nps_score
M0001,1,76,7,Professional,,0,4
M0002,14,97,1,Professional,2152.0,0,3
M0003,24,18,6,Starter,585.24,1,7
M0004,19,31,10,Professional,2373.66,0,4
M0005,17,23,8,Starter,691.88,0,4
M0006,12,249,8,Enterprise,,1,6
M0007,10,188,2,Enterprise,6615.43,0,9
M0008,7,234,3,Enterprise,5952.99,0,3
M0009,7,29,,Starter,458.48,0,5
M0010,4,,2,Starter,106.35,1,2
M0011,11,111,10,Professional,,0,6
M0012,2,20,8,Starter,588.7,1,3
M0013,5,103,1,Professional,2156.69,0,6
M0014,5,26,5,Starter,604.97,1,4
M0015,9,18,9,Starter,400.66,1,7
M0016,8,17,0,Starter,117.2,1,6
M0017,10,23,6,Starter,605.28,0,9
M0018,18,52,5,Enterprise,7775.39,0,7
M0019,8,45,1,Starter,385.78,0,9
M0020,9,40,9,Starter,562.48,1,2
M0021,19,20,10,Starter,153.16,0,6
M0022,6,69,8,Professional,2292.44,0,2
M0023,7,25,6,Starter,360.38,0,
M0024,12,41,6,Starter,547.35,0,10
M0025,18,55,4,Professional,2086.15,0,3
M0026,,71,12,Professional,2566.08,0,6
M0027,6,31,0,Starter,500.21,0,7
M0028,5,237,6,Enterprise,7664.33,0,7
M0029,5,83,3,Professional,2270.73,0,4
M0030,6,11,2,Starter,644.06,1,6
M0031,4,261,4,Enterprise,5042.82,1,7
M0032,8,30,1,Starter,171.57,0,7
M0033,6,27,0,Starter,397.3,0,7
M0034,4,95,6,Professional,1558.36,0,10
M0035,4,3,6,Starter,288.63,1,4
M0036,1,18,5,Starter,452.75,1,4
M0037,3,13,0,Starter,552.69,1,
M0038,8,136,10,Professional,1938.65,0,10
M0039,20,15,5,Starter,564.69,1,8
M0040,6,14,2,Starter,479.56,0,4
M0041,8,88,9,Professional,2635.15,0,1
M0042,19,9,4,Starter,232.19,1,5
M0043,13,16,6,Starter,647.99,0,1
M0044,4,213,1,Enterprise,6458.67,1,7
M0045,10,27,4,Starter,509.75,1,1
M0046,3,0,4,Starter,643.81,1,2
M0047,11,29,2,Starter,564.08,0,4
M0048,11,301,5,Enterprise,4372.4,1,9
M0049,9,13,6,Starter,581.55,0,10
M0050,8,28,9,Starter,273.07,0,4
M0051,6,51,5,Professional,1850.3,0,
M0052,14,30,2,Starter,298.73,0,2
M0053,12,13,8,Starter,401.53,1,4
M0054,10,27,5,Starter,668.77,0,9
M0055,6,62,7,Professional,2469.78,1,8
M0056,9,22,4,Starter,798.35,0,8
M0057,3,13,3,Starter,291.72,0,9
M0058,11,11,14,Starter,640.68,1,4
M0059,10,24,8,Starter,471.0,0,2
M0060,12,105,0,Professional,2341.05,0,3
M0061,15,14,3,Starter,665.39,0,2
M0062,11,,1,Professional,,0,5
M0063,9,13,6,Starter,665.84,0,6
M0064,13,18,6,Starter,325.34,0,6
M0065,17,361,5,Enterprise,4482.59,0,1
M0066,8,134,10,Enterprise,5585.84,0,
M0067,17,34,11,Starter,439.03,1,8
M0068,7,128,10,Professional,1175.82,0,7
M0069,1,17,0,Starter,337.01,0,9
M0070,31,230,7,Enterprise,4544.38,0,7
M0071,31,71,5,Professional,2454.76,0,
M0072,27,138,4,Enterprise,8503.91,0,6
M0073,6,17,0,Starter,270.49,1,2
M0074,19,27,6,Professional,1895.01,0,6
M0075,13,22,7,Starter,301.58,0,5
M0076,9,201,13,Enterprise,7941.94,0,7
M0077,36,22,3,Starter,490.1,0,7
M0078,14,73,0,Professional,2026.72,0,10
M0079,5,20,0,Starter,470.39,0,1
M0080,6,18,8,Starter,637.88,1,5
M0081,9,98,0,Professional,2991.02,0,7
M0082,16,,0,Starter,562.85,1,6
M0083,19,3,1,Starter,607.17,1,
M0084,3,163,2,Enterprise,7116.18,0,9
M0085,8,27,7,Starter,388.46,0,6
M0086,30,105,5,Professional,2284.64,0,4
M0087,16,20,7,Starter,527.83,0,6
M0088,5,101,0,Professional,1731.5,0,
M0089,6,21,6,Starter,242.64,1,2
M0090,14,88,3,Professional,2816.63,0,7
M0091,8,102,2,Professional,1186.06,0,10
M0092,2,54,1,Professional,1165.6,0,8
M0093,7,76,1,Professional,1736.95,1,2
M0094,16,46,1,Professional,1797.49,0,7
M0095,11,137,9,Enterprise,8704.49,0,5
M0096,29,118,4,Professional,1891.88,0,
M0097,21,67,7,Professional,1909.09,0,9
M0098,7,0,3,Starter,473.96,1,
M0099,8,13,2,Starter,673.24,1,9
M0100,11,,5,Starter,579.1,0,1
M0101,10,21,10,Starter,491.97,0,2
M0102,14,45,8,Professional,2069.48,0,6
M0103,11,12,4,Starter,588.21,0,9
M0104,24,28,7,Starter,569.43,0,2
M0105,15,20,0,Starter,287.4,0,3
M0106,16,34,8,Professional,2300.15,0,5
M0107,11,110,4,Enterprise,2882.69,0,6
M0108,8,245,6,Enterprise,,0,8
M0109,7,107,3,Professional,1631.44,0,9
M0110,12,58,2,Professional,2686.94,0,7
M0111,10,15,2,Starter,831.0,1,7
M0112,23,19,11,Starter,1147.24,0,2
M0113,10,45,0,Professional,2388.08,1,3
M0114,14,31,5,Starter,237.5,1,8
M0115,10,28,7,Professional,2210.2,0,
M0116,22,24,6,Starter,544.31,0,9
M0117,5,,6,Enterprise,6518.4,1,1
M0118,6,182,8,Professional,1663.41,1,8
M0119,5,25,0,Starter,,0,7
M0120,17,26,1,Starter,355.31,1,1
M0121,12,38,10,Starter,690.14,0,
M0122,14,19,5,Starter,719.12,0,6
M0123,12,25,0,Starter,657.57,1,1
M0124,1,29,9,Starter,487.18,0,4
M0125,12,17,12,Starter,631.43,0,8
M0126,2,18,7,Starter,497.09,1,6
M0127,8,68,1,Professional,2480.69,0,1
M0128,16,19,8,Starter,,0,2
M0129,23,24,5,Starter,572.31,1,6
M0130,14,22,2,Starter,455.84,0,10
M0131,3,25,1,Starter,379.75,1,6
M0132,6,5,4,Starter,411.73,1,4
M0133,7,11,3,Starter,638.44,0,8
M0134,2,92,0,Professional,2280.07,1,9
M0135,8,222,4,Enterprise,4752.59,0,9
M0136,12,31,3,Starter,675.12,0,10
M0137,11,102,0,Professional,1504.02,0,10
M0138,12,11,0,Starter,529.0,1,2
M0139,9,17,6,Starter,414.67,0,9
M0140,5,26,4,Starter,643.01,0,3
M0141,4,137,16,Professional,2506.31,0,4
M0142,9,24,0,Starter,534.19,0,5
M0143,7,15,3,Starter,510.98,0,10
M0144,16,13,5,Starter,400.11,0,
M0145,9,120,11,Professional,1350.22,0,10
M0146,13,107,0,Professional,2661.0,0,1
M0147,28,59,3,Professional,1813.49,0,
M0148,1,6,3,Starter,356.47,1,1
M0149,36,49,5,Professional,1137.16,0,5
M0150,10,16,4,Starter,618.39,0,6
M0151,14,175,10,Enterprise,4255.33,0,1
M0152,8,31,6,Starter,678.16,0,3
M0153,2,24,3,Starter,276.59,1,9
M0154,19,88,5,Professional,1506.57,0,2
M0155,18,150,7,Professional,3111.68,0,3
M0156,19,,13,Enterprise,9207.57,0,9
M0157,9,17,12,Starter,495.05,0,5
M0158,18,18,3,Starter,493.87,0,3
M0159,7,14,6,Starter,489.73,1,2
M0160,21,110,2,Professional,1203.39,0,4
M0161,14,13,2,Starter,445.88,1,10
M0162,13,15,9,Starter,571.49,0,3
M0163,13,18,0,Starter,605.01,0,9
M0164,7,104,3,Professional,1913.7,1,1
M0165,1,84,8,Enterprise,1035.02,0,7
M0166,10,128,7,Professional,2670.9,0,4
M0167,8,183,0,Enterprise,6653.15,0,
M0168,22,97,9,Professional,2330.53,1,1
M0169,10,20,0,Starter,670.03,0,6
M0170,10,147,0,Enterprise,5159.51,1,7
M0171,12,12,8,Starter,575.23,0,4
M0172,20,116,2,Professional,1886.6,0,2
M0173,14,22,7,Starter,596.24,1,9
M0174,6,325,7,Enterprise,8752.98,0,4
M0175,5,17,7,Starter,302.54,1,8
M0176,6,32,4,Starter,472.91,1,7
M0177,10,20,10,Starter,260.08,0,8
M0178,14,20,0,Starter,,0,2
M0179,,92,2,Professional,1418.23,0,10
M0180,,27,4,Starter,317.01,0,7
M0181,2,23,7,Starter,384.42,0,10
M0182,17,24,4,Starter,469.22,1,
M0183,9,7,7,Starter,456.46,1,10
M0184,21,19,13,Starter,570.77,0,10
M0185,21,67,9,Professional,1428.59,0,2
M0186,8,18,6,Starter,129.29,0,1
M0187,5,12,3,Starter,517.43,1,2
M0188,12,53,5,Professional,2038.0,1,5
M0189,10,16,4,Starter,,1,7
M0190,20,44,6,Enterprise,7541.99,0,8
M0191,6,21,1,Starter,376.65,0,1
M0192,16,56,8,Professional,910.45,0,6
M0193,4,14,7,Starter,526.58,0,7
M0194,36,13,11,Starter,540.7,1,5
M0195,16,71,3,Professional,1483.08,0,10
M0196,21,94,5,Professional,1452.05,0,2
M0197,4,48,1,Professional,1475.04,0,2
M0198,11,129,0,Professional,2652.3,0,6
M0199,21,32,8,Starter,538.89,0,2
M0200,6,10,8,Starter,323.99,0,4
M0201,8,6,6,Starter,305.63,1,8
M0202,4,111,6,Professional,2106.47,1,6
M0203,9,107,4,Professional,1603.08,0,5
M0204,6,108,3,Professional,2236.71,0,10
M0205,13,0,0,Professional,1740.63,0,6
M0206,7,28,1,Starter,594.31,1,3
M0207,6,73,9,Professional,2075.69,0,2
M0208,10,99,2,Enterprise,6455.23,0,4
M0209,7,23,1,Starter,574.35,1,10
M0210,4,10,3,Starter,598.22,1,5
M0211,32,184,3,Enterprise,9611.92,0,3
M0212,15,76,2,Professional,1778.08,0,2
M0213,19,44,6,Professional,3338.49,0,6
M0214,27,31,3,Starter,609.89,0,8
M0215,1,,0,Professional,208.37,1,3
M0216,19,266,10,Enterprise,7316.91,0,5
M0217,2,24,6,Starter,482.04,1,2
M0218,2,20,7,Starter,578.05,0,3
M0219,10,16,3,Starter,681.82,1,4
M0220,11,58,4,Professional,2302.64,0,9
M0221,22,35,6,Starter,556.24,1,4
M0222,11,27,14,Starter,471.21,0,10
M0223,,23,4,Starter,823.16,0,5
M0224,13,10,2,Starter,419.43,1,4
M0225,11,20,0,Starter,606.06,0,7
M0226,12,18,,Starter,506.48,0,6
M0227,4,118,9,Professional,3070.04,0,2
M0228,9,90,6,Professional,1719.71,0,10
M0229,1,83,4,Professional,,1,7
M0230,6,383,9,Enterprise,7835.77,0,9
M0231,9,16,,Starter,558.93,0,10
M0232,36,298,0,Enterprise,5074.47,0,1
M0233,19,81,4,Professional,2585.4,0,8
M0234,6,25,7,Starter,372.21,0,2
M0235,7,70,4,Professional,2811.22,0,6
M0236,4,5,6,Starter,574.48,0,9
M0237,8,22,3,Starter,416.85,1,3
M0238,9,16,6,Starter,497.79,0,9
M0239,3,140,5,Professional,1411.95,0,10
M0240,36,28,5,Starter,438.63,0,
M0241,11,,1,Starter,521.23,0,
M0242,6,25,8,Starter,545.43,0,9
M0243,1,42,9,Professional,1515.77,1,1
M0244,15,171,0,Enterprise,5435.19,0,2
M0245,16,75,0,Professional,927.37,0,3
M0246,13,128,2,Professional,612.81,0,4
M0247,10,210,,Enterprise,4399.3,0,3
M0248,18,83,4,Professional,1681.72,0,6
M0249,7,254,7,Enterprise,7190.0,0,3
M0250,11,3,6,Enterprise,4386.76,0,3
M0251,7,,4,Enterprise,7245.43,0,8
M0252,31,18,10,Starter,624.69,1,
M0253,7,91,0,Professional,2311.28,0,6
M0254,18,27,5,Starter,550.08,1,6
M0255,19,21,6,Starter,815.92,1,7
M0256,4,184,7,Enterprise,8586.86,1,5
M0257,,11,3,Starter,594.09,1,
M0258,2,9,1,Starter,604.41,1,9
M0259,4,28,6,Starter,634.81,1,6
M0260,5,120,0,Professional,1779.71,0,10
M0261,20,17,0,Starter,444.73,1,3
M0262,4,17,3,Starter,408.02,0,10
M0263,2,138,7,Enterprise,8215.24,1,9
M0264,10,9,6,Starter,541.74,0,9
M0265,12,11,3,Starter,435.97,1,6
M0266,5,12,5,Starter,375.38,1,2
M0267,14,21,1,Starter,190.18,0,8
M0268,9,105,2,Professional,1986.17,0,1
M0269,2,22,5,Starter,352.94,1,1
M0270,24,21,0,Starter,737.32,0,2
M0271,11,35,3,Starter,474.56,1,1
M0272,16,20,10,Starter,416.96,0,7
M0273,,8,4,Starter,780.53,1,10
M0274,2,16,7,Starter,410.78,1,5
M0275,2,29,0,Starter,673.7,0,7
M0276,35,85,3,Professional,1110.45,0,6
M0277,19,86,6,Professional,2030.94,0,6
M0278,18,14,1,Starter,643.68,0,1
M0279,2,272,1,Enterprise,9330.73,0,4
M0280,32,252,5,Enterprise,6669.32,1,6
M0281,15,26,10,Starter,340.12,1,8
M0282,7,,6,Starter,415.49,0,4
M0283,3,13,4,Starter,325.11,0,7
M0284,20,22,13,Starter,392.44,1,3
M0285,3,66,0,Professional,,1,2
M0286,8,49,2,Professional,2055.41,0,5
M0287,12,69,1,Professional,1785.41,0,10
M0288,4,134,9,Professional,2172.22,1,6
M0289,3,11,2,Starter,446.24,1,8
M0290,2,2,3,Starter,761.07,0,2
M0291,3,15,2,Starter,484.62,0,2
M0292,7,12,0,Starter,284.46,0,1
M0293,20,9,5,Starter,271.37,1,3
M0294,8,97,13,Enterprise,6281.21,0,10
M0295,9,157,0,Enterprise,4669.8,0,9
M0296,22,10,2,Starter,502.36,1,6
M0297,12,15,6,Starter,601.36,1,8
M0298,1,13,7,Starter,127.76,0,9
M0299,7,253,5,Enterprise,3403.63,0,2
M0300,7,21,1,Starter,457.15,0,8
M0301,3,64,3,Professional,2186.93,0,
M0302,3,30,0,Professional,,0,1
M0303,21,93,0,Professional,2698.9,0,6
M0304,21,270,15,Enterprise,4916.54,0,7
M0305,17,53,3,Professional,2237.88,0,3
M0306,9,322,7,Enterprise,7112.51,0,7
M0307,19,75,5,Professional,2443.29,0,5
M0308,16,22,2,Starter,627.74,0,9
M0309,5,92,0,Professional,856.39,1,6
M0310,4,132,2,Professional,2150.21,0,6
M0311,15,106,4,Professional,2332.0,0,7
M0312,17,,6,Starter,483.61,0,10
M0313,10,125,7,Professional,2079.85,0,7
M0314,6,15,5,Starter,315.57,0,1
M0315,12,,3,Starter,521.07,0,
M0316,9,64,3,Professional,2834.4,0,2
M0317,1,123,7,Professional,2592.03,0,7
M0318,3,104,6,Professional,2104.75,0,10
M0319,8,14,,Starter,489.94,1,1
M0320,3,171,10,Enterprise,7584.88,0,1
M0321,7,22,0,Starter,729.15,1,6
M0322,3,126,1,Enterprise,7399.71,0,6
M0323,3,244,10,Enterprise,5451.03,0,9
M0324,2,18,1,Starter,510.81,1,2
M0325,9,14,10,Starter,634.28,1,6
M0326,8,4,4,Professional,776.58,1,5
M0327,2,68,12,Professional,1322.93,0,9
M0328,15,43,4,Professional,3268.32,0,3
M0329,14,70,9,Professional,1392.61,0,10
M0330,4,6,6,Starter,439.32,1,1
M0331,7,25,5,Starter,455.61,0,6
M0332,5,82,1,Professional,1751.08,0,2
M0333,9,103,11,Enterprise,5015.4,0,2
M0334,4,19,2,Starter,368.36,0,8
M0335,8,80,7,Professional,2261.65,0,3
M0336,12,171,9,Enterprise,2064.48,0,8
M0337,11,96,0,Professional,1911.25,0,10
M0338,1,12,1,Starter,242.78,0,10
M0339,15,119,,Professional,2835.67,1,7
M0340,5,61,1,Professional,2543.21,1,10
M0341,5,24,2,Starter,432.78,1,2
M0342,16,6,0,Starter,589.17,1,10
M0343,15,32,8,Professional,1987.81,0,7
M0344,14,107,6,Professional,2354.49,0,9
M0345,7,10,0,Starter,599.69,0,
M0346,11,232,0,Enterprise,3502.18,0,
M0347,9,247,11,Enterprise,5219.04,0,3
M0348,13,13,11,Starter,522.55,0,9
M0349,5,158,3,Enterprise,5287.23,1,5
M0350,5,88,4,Professional,2648.87,0,4
M0351,8,18,4,Starter,725.33,0,6
M0352,13,78,0,Professional,2591.62,0,3
M0353,5,314,3,Enterprise,5665.85,0,4
M0354,15,3,,Starter,452.07,1,1
M0355,20,27,1,Starter,349.28,0,
M0356,10,19,4,Starter,414.36,1,8
M0357,7,104,7,Professional,1815.86,0,3
M0358,7,160,5,Professional,2287.77,0,2
M0359,18,99,,Professional,1715.96,0,9
M0360,5,22,6,Starter,552.19,1,2
M0361,10,,3,Starter,597.24,0,9
M0362,13,18,8,Starter,406.08,0,3
M0363,8,137,2,Enterprise,4982.86,0,10
M0364,18,30,9,Starter,,0,4
M0365,2,87,6,Professional,2595.24,0,2
M0366,22,21,4,Starter,338.18,0,
M0367,6,0,6,Enterprise,8733.17,0,10
M0368,8,176,8,Enterprise,4882.56,0,5
M0369,1,26,,Starter,820.83,0,1
M0370,16,43,8,Professional,1566.08,0,7
M0371,12,5,4,Starter,389.91,1,4
M0372,12,12,,Starter,,0,
M0373,,19,5,Starter,269.08,0,6
M0374,17,26,5,Starter,443.02,0,5
M0375,15,20,11,Starter,250.21,0,4
M0376,6,23,9,Starter,430.28,1,4
M0377,28,,9,Professional,1644.78,0,10
M0378,7,94,9,Professional,2452.59,0,
M0379,16,96,7,Professional,2220.43,0,7
M0380,9,119,4,Enterprise,4896.3,0,8
M0381,10,242,5,Enterprise,8566.07,0,3
M0382,11,20,12,Starter,443.18,1,9
M0383,6,29,8,Starter,570.01,0,1
M0384,10,82,1,Professional,2609.6,0,4
M0385,9,60,2,Professional,2057.08,1,
M0386,23,17,4,Starter,317.49,0,4
M0387,10,78,0,Professional,1747.69,0,9
M0388,36,21,0,Starter,924.72,0,7
M0389,10,12,8,Starter,,0,5
M0390,6,199,5,Enterprise,5703.11,0,5
M0391,10,109,7,Professional,2000.42,0,10
M0392,14,104,7,Professional,1184.11,1,10
M0393,7,93,0,Professional,2275.37,0,10
M0394,2,73,1,Professional,1788.27,0,7
M0395,2,28,7,Professional,1977.74,0,7
M0396,3,9,3,Starter,419.0,1,4
M0397,13,16,4,Starter,377.47,0,3
M0398,8,296,6,Enterprise,4907.11,1,2
M0399,21,,0,Enterprise,5632.71,0,9
M0400,10,82,2,Professional,1161.24,0,
M0401,,18,4,Starter,460.85,0,
M0402,5,142,7,Professional,2305.99,0,3
M0403,14,150,7,Professional,2905.07,0,5
M0404,16,85,,Professional,1299.71,0,5
M0405,3,18,0,Starter,330.14,1,5
M0406,4,100,7,Professional,863.33,0,9
M0407,15,142,0,Enterprise,5780.86,0,3
M0408,8,149,12,Enterprise,4458.0,0,4
M0409,11,75,10,Professional,1419.44,0,9
M0410,4,117,6,Professional,2368.25,1,5
M0411,4,85,7,Professional,1541.52,1,7
M0412,7,20,4,Professional,1195.5,0,1
M0413,1,118,4,Professional,,0,5
M0414,6,75,10,Professional,1552.76,0,8
M0415,11,27,,Starter,193.88,0,8
M0416,14,99,10,Professional,2509.13,0,7
M0417,4,70,4,Professional,2232.06,1,1
M0418,8,65,6,Professional,2297.24,0,8
M0419,11,57,5,Professional,1944.56,0,5
M0420,1,77,12,Professional,2269.08,1,5
M0421,35,23,7,Starter,138.85,1,6
M0422,7,12,0,Starter,583.64,0,5
M0423,4,29,6,Starter,466.85,0,5
M0424,11,9,1,Starter,384.4,1,3
M0425,4,26,8,Starter,,0,6
M0426,4,14,3,Starter,,0,6
M0427,1,92,8,Professional,2252.86,0,8
M0428,15,8,6,Starter,391.14,0,
M0429,21,20,3,Starter,368.68,0,10
M0430,15,269,9,Enterprise,6367.31,0,8
M0431,4,73,5,Professional,2394.66,0,6
M0432,15,13,9,Professional,727.85,0,1
M0433,1,124,2,Professional,2697.19,0,
M0434,4,91,0,Professional,1791.96,1,3
M0435,9,88,8,Professional,1906.7,0,10
M0436,1,25,3,Starter,542.52,0,10
M0437,7,17,7,Starter,725.63,0,2
M0438,8,13,2,Starter,523.49,0,10
M0439,21,12,11,Starter,629.91,0,5
M0440,3,25,2,Starter,692.98,1,7
M0441,4,17,5,Starter,692.63,0,4
M0442,14,74,2,Professional,1697.81,1,5
M0443,16,21,1,Starter,628.13,0,1
M0444,6,4,7,Starter,795.49,0,5
M0445,21,122,4,Professional,2129.34,0,
M0446,3,177,0,Enterprise,7000.15,0,7
M0447,9,91,8,Professional,2893.41,0,2
M0448,12,198,9,Enterprise,8474.85,0,10
M0449,8,23,,Starter,256.97,0,5
M0450,30,20,8,Starter,612.2,0,9
M0451,9,139,8,Professional,2234.49,1,10
M0452,15,19,0,Starter,546.89,1,5
M0453,15,185,0,Enterprise,11198.77,0,
M0454,2,27,2,Starter,419.96,0,10
M0455,8,22,2,Starter,588.95,0,3
M0456,15,57,1,Professional,1182.67,0,
M0457,2,44,6,Professional,2093.27,0,5
M0458,21,32,10,Starter,445.91,0,6
M0459,18,167,7,Enterprise,6433.87,0,10
M0460,,27,6,Professional,2011.98,0,8
M0461,1,17,4,Starter,437.98,1,2
M0462,20,70,9,Professional,1437.38,0,2
M0463,8,31,1,Starter,524.98,0,1
M0464,2,12,0,Starter,634.92,0,7
M0465,14,224,5,Enterprise,6813.42,0,1
M0466,20,69,9,Professional,1743.07,1,2
M0467,17,97,5,Enterprise,3934.39,0,2
M0468,17,26,6,Starter,682.53,0,5
M0469,7,119,7,Professional,1847.97,0,2
M0470,26,9,8,Starter,514.06,0,7
M0471,8,51,0,Professional,2322.69,0,8
M0472,12,,11,Starter,343.19,0,10
M0473,11,17,4,Starter,488.47,0,10
M0474,4,119,7,Enterprise,6557.14,0,6
M0475,1,325,,Enterprise,5797.51,0,2
M0476,13,20,6,Starter,559.64,0,4
M0477,4,0,5,Starter,609.92,1,9
M0478,32,201,3,Enterprise,5122.56,0,3
M0479,4,18,3,Starter,362.94,1,1
M0480,4,,7,Professional,2189.27,0,7
M0481,15,18,6,Starter,531.03,0,7
M0482,7,28,0,Starter,198.56,1,
M0483,8,234,8,Enterprise,4398.34,1,9
M0484,9,116,6,Enterprise,4755.73,0,4
M0485,21,36,2,Starter,743.57,0,7
M0486,17,77,4,Professional,1965.92,0,3
M0487,1,176,2,Enterprise,7987.51,0,7
M0488,13,,0,Professional,2608.43,0,5
M0489,4,62,0,Professional,2481.96,0,7
M0490,4,15,4,Starter,401.77,0,2
M0491,18,64,0,Professional,1370.99,0,6
M0492,3,79,1,Professional,1897.74,0,2
M0493,7,28,14,Starter,551.24,0,1
M0494,3,94,2,Professional,1607.01,0,4
M0495,11,12,0,Starter,341.62,1,5
M0496,28,17,2,Starter,631.96,0,9
M0497,13,70,3,Professional,2326.47,0,9
M0498,3,244,,Enterprise,5807.78,0,3
M0499,27,10,3,Starter,746.71,0,3
M0500,6,174,10,Enterprise,,0,10
M0501,2,13,0,Starter,684.65,1,2
M0502,11,21,2,Starter,369.17,1,7
M0503,30,22,3,Starter,540.97,0,7
M0504,11,55,9,Professional,1946.58,1,10
M0505,20,11,7,Starter,557.57,0,1
M0506,9,108,5,Professional,1664.54,0,8
M0507,4,,1,Starter,699.31,0,8
M0508,9,72,0,Professional,1938.27,0,1
M0509,7,108,6,Professional,1778.35,0,4
M0510,15,31,7,Starter,298.06,0,6
M0511,1,49,4,Professional,2278.14,0,4
M0512,23,91,2,Professional,967.44,0,2
M0513,6,10,10,Starter,,0,2
M0514,5,30,10,Starter,608.95,1,8
M0515,16,17,4,Starter,375.55,0,10
M0516,7,8,14,Starter,369.33,0,9
M0517,2,103,0,Professional,,0,2
M0518,9,318,4,Enterprise,5239.4,0,7
M0519,32,22,6,Starter,459.56,0,2
M0520,13,76,0,Professional,2956.4,0,8
M0521,13,16,1,Starter,317.51,0,3
M0522,11,27,8,Starter,294.92,0,10
M0523,22,50,9,Professional,2397.12,0,8
M0524,2,27,0,Starter,138.98,0,3
M0525,12,43,4,Professional,1250.06,0,9
M0526,8,19,3,Starter,,0,9
M0527,4,137,6,Enterprise,3717.32,0,8
M0528,7,82,2,Professional,1624.79,0,1
M0529,16,8,1,Starter,654.37,0,4
M0530,20,78,4,Professional,2102.05,0,7
M0531,13,0,0,Starter,524.68,0,6
M0532,4,66,6,Professional,2813.51,1,9
M0533,11,23,0,Starter,399.55,1,9
M0534,12,66,0,Professional,2305.92,0,10
M0535,19,53,1,Professional,2633.89,0,9
M0536,22,31,6,Enterprise,7910.03,0,5
M0537,20,96,0,Enterprise,5489.47,0,3
M0538,9,58,4,Professional,1868.6,0,5
M0539,12,129,6,Professional,1802.75,0,7
M0540,7,261,5,Enterprise,8332.71,0,10
M0541,19,20,7,Starter,308.05,1,7
M0542,5,28,9,Starter,563.76,0,9
M0543,19,270,,Enterprise,8402.88,0,1
M0544,10,17,0,Starter,708.22,0,8
M0545,30,19,6,Starter,757.51,1,7
M0546,15,8,8,Starter,439.88,0,2
M0547,7,33,,Professional,2813.88,0,
M0548,11,23,3,Starter,250.43,0,10
M0549,9,19,1,Starter,549.2,0,7
M0550,23,27,0,Starter,266.56,0,
M0551,,98,4,Professional,2201.44,0,8
M0552,18,1,2,Starter,502.9,1,5
M0553,16,41,6,Starter,312.18,0,8
M0554,13,57,4,Professional,1540.1,0,6
M0555,11,13,,Starter,353.16,0,6
M0556,4,19,2,Starter,642.77,1,7
M0557,3,30,0,Starter,647.9,1,5
M0558,14,12,0,Starter,383.63,1,4
M0559,5,17,0,Starter,353.77,0,8
M0560,7,29,8,Starter,285.0,0,10
M0561,15,27,13,Starter,441.81,0,2
M0562,17,257,7,Enterprise,3690.12,0,10
M0563,12,1,7,Starter,705.77,1,5
M0564,23,31,9,Starter,849.42,0,4
M0565,15,17,3,Starter,415.94,0,2
M0566,19,31,0,Starter,617.18,1,7
M0567,28,59,0,Professional,1848.77,0,2
M0568,3,17,1,Starter,481.85,1,1
M0569,9,17,0,Starter,745.1,1,3
M0570,13,21,5,Starter,336.17,1,3
M0571,5,,,Enterprise,4884.89,1,10
M0572,11,50,1,Professional,1033.57,1,4
M0573,18,229,10,Enterprise,6291.46,0,8
M0574,20,14,4,Starter,502.8,0,5
M0575,1,11,0,Starter,342.85,1,8
M0576,22,56,,Professional,2210.97,0,9
M0577,9,1,,Starter,476.82,0,4
M0578,21,100,0,Professional,2244.73,0,7
M0579,16,98,0,Professional,1842.93,0,10
M0580,9,163,8,Enterprise,5992.12,0,3
M0581,2,9,7,Starter,,1,9
M0582,9,105,8,Professional,1713.55,0,2
M0583,18,113,8,Professional,2157.28,0,8
M0584,3,272,6,Enterprise,6843.88,0,1
M0585,9,26,6,Starter,645.49,0,4
M0586,20,309,1,Enterprise,2067.63,1,9
M0587,31,21,6,Starter,542.35,0,9
M0588,13,184,3,Enterprise,7522.68,0,10
M0589,4,6,3,Starter,530.09,1,5
M0590,14,12,2,Starter,473.63,1,6
M0591,16,15,3,Starter,540.55,1,9
M0592,3,87,0,Professional,2496.79,0,10
M0593,17,82,8,Professional,2372.57,0,2
M0594,7,104,5,Professional,1781.41,1,8
M0595,7,28,2,Professional,2916.83,0,7
M0596,14,19,6,Starter,443.06,0,3
M0597,11,165,6,Enterprise,2180.09,0,
M0598,8,150,4,Professional,,0,9
M0599,11,4,1,Starter,299.89,0,8
M0600,14,11,2,Starter,395.96,0,1
M0601,12,113,0,Professional,1713.96,0,4
M0602,24,73,4,Professional,1998.07,0,1
M0603,17,68,4,Professional,603.66,0,3
M0604,5,20,6,Starter,572.84,0,5
M0605,25,25,10,Starter,590.66,1,
M0606,5,64,8,Professional,1851.31,0,2
M0607,19,17,15,Starter,528.06,0,2
M0608,3,53,5,Professional,3481.06,0,
M0609,6,81,4,Professional,2312.84,0,4
M0610,14,13,3,Starter,546.98,1,5
M0611,16,137,0,Professional,1872.61,0,4
M0612,,31,0,Starter,547.45,0,8
M0613,12,87,5,Professional,1337.81,0,6
M0614,32,126,5,Professional,2077.08,0,6
M0615,16,96,16,Professional,,0,7
M0616,4,38,2,Professional,1280.04,0,2
M0617,19,191,1,Enterprise,4909.96,0,
M0618,12,40,7,Professional,1491.36,0,8
M0619,,185,9,Enterprise,,0,4
M0620,5,25,3,Starter,451.86,0,10
M0621,5,0,6,Professional,2019.42,0,8
M0622,2,92,1,Professional,3073.22,0,
M0623,3,22,5,Starter,245.63,1,
M0624,19,113,11,Professional,1599.19,1,4
M0625,11,117,0,Professional,1170.07,1,3
M0626,8,21,1,Starter,789.33,1,5
M0627,9,175,3,Enterprise,7556.0,0,4
M0628,13,89,2,Professional,2688.3,0,7
M0629,20,20,5,Enterprise,6473.03,0,6
M0630,,,1,Starter,648.62,0,10
M0631,4,188,7,Enterprise,6030.14,1,5
M0632,7,101,8,Professional,1799.99,0,3
M0633,19,221,3,Enterprise,6628.66,0,10
M0634,15,272,4,Enterprise,6981.8,0,5
M0635,19,208,6,Enterprise,3001.53,0,9
M0636,14,19,9,Starter,453.35,1,10
M0637,8,205,7,Enterprise,6756.96,0,2
M0638,1,14,0,Starter,548.24,1,5
M0639,12,17,6,Starter,576.62,0,2
M0640,13,2,5,Starter,212.08,0,3
M0641,20,106,5,Professional,1344.28,0,8
M0642,18,258,5,Enterprise,7271.89,0,8
M0643,6,100,11,Professional,1457.34,0,3
M0644,12,17,0,Starter,612.81,1,5
M0645,21,124,13,Professional,1061.11,1,4
M0646,9,9,2,Starter,401.99,0,
M0647,4,38,9,Starter,546.69,0,3
M0648,33,21,4,Starter,351.25,0,4
M0649,4,55,3,Professional,2550.88,1,7
M0650,10,43,6,Starter,515.94,0,6
M0651,11,21,2,Starter,181.7,0,10
M0652,19,24,0,Starter,447.77,0,4
M0653,3,43,9,Professional,,0,1
M0654,7,98,4,Professional,2053.3,0,6
M0655,2,13,0,Starter,651.4,1,3
M0656,2,32,7,Starter,,0,9
M0657,16,47,0,Professional,2054.91,0,4
M0658,2,20,3,Starter,583.67,0,2
M0659,4,16,5,Starter,549.88,1,2
M0660,,29,5,Starter,602.88,1,10
M0661,6,1,0,Starter,554.29,0,10
M0662,21,16,8,Starter,726.6,1,8
M0663,8,68,,Enterprise,9009.38,0,4
M0664,2,87,6,Professional,2330.73,0,10
M0665,3,,11,Enterprise,7151.55,1,6
M0666,21,7,4,Starter,399.6,1,3
M0667,2,240,10,Enterprise,3163.6,0,4
M0668,4,11,2,Starter,421.33,0,4
M0669,28,16,6,Starter,518.0,0,1
M0670,20,5,2,Starter,469.6,0,5
M0671,,15,5,Starter,473.09,0,7
M0672,12,10,13,Starter,581.76,0,4
M0673,15,50,10,Professional,1526.36,0,
M0674,13,102,4,Professional,2659.87,0,10
M0675,3,30,8,Starter,788.08,1,3
M0676,27,28,3,Starter,644.35,0,2
M0677,16,77,,Professional,2342.42,0,7
M0678,4,112,5,Professional,2360.2,1,4
M0679,15,18,13,Starter,561.21,1,7
M0680,5,16,8,Starter,507.04,1,1
M0681,11,33,4,Starter,369.57,0,6
M0682,7,93,4,Professional,2241.37,0,
M0683,23,80,1,Professional,,0,
M0684,16,18,1,Starter,405.73,0,7
M0685,12,18,3,Starter,709.7,0,
M0686,17,8,0,Starter,566.14,1,9
M0687,12,108,7,Professional,2837.59,0,5
M0688,12,48,0,Professional,2053.99,0,10
M0689,7,69,0,Professional,2674.73,0,2
M0690,11,8,3,Starter,465.4,0,1
M0691,7,7,8,Starter,396.57,1,1
M0692,22,10,0,Starter,555.8,0,1
M0693,3,325,4,Enterprise,5502.63,0,6
M0694,22,50,11,Professional,1518.11,0,5
M0695,34,52,3,Professional,1430.51,0,4
M0696,6,26,13,Starter,616.84,0,10
M0697,,22,11,Starter,299.15,0,3
M0698,4,57,0,Professional,2236.19,0,6
M0699,7,103,5,Professional,1666.18,0,2
M0700,5,54,6,Professional,2170.59,0,9
M0701,9,187,3,Enterprise,5556.6,0,6
M0702,,54,0,Professional,1743.33,0,9
M0703,12,80,2,Professional,1979.08,0,6
M0704,4,19,15,Starter,591.5,0,9
M0705,5,154,7,Professional,2444.6,0,6
M0706,12,108,9,Professional,2918.14,0,9
M0707,12,25,6,Starter,599.52,1,3
M0708,35,92,0,Professional,2631.97,0,7
M0709,7,103,4,Professional,1553.06,0,6
M0710,5,95,6,Professional,3455.08,1,9
M0711,9,31,3,Professional,2292.32,0,7
M0712,16,68,0,Professional,2461.54,0,3
M0713,5,119,2,Professional,1421.82,0,6
M0714,8,24,6,Starter,382.21,0,7
M0715,2,80,6,Professional,,0,7
M0716,9,13,,Starter,484.34,0,1
M0717,5,74,0,Professional,1365.2,1,9
M0718,3,13,2,Starter,502.59,0,4
M0719,6,,5,Enterprise,9666.66,1,9
M0720,11,11,2,Starter,,1,3
M0721,4,3,,Starter,513.87,1,6
M0722,16,13,6,Starter,424.55,0,6
M0723,6,25,8,Starter,860.32,0,2
M0724,14,54,8,Professional,1520.87,0,7
M0725,3,77,5,Professional,,0,8
M0726,5,98,5,Professional,3023.71,0,4
M0727,15,30,8,Starter,441.3,0,
M0728,8,167,8,Enterprise,6579.41,0,4
M0729,8,23,5,Starter,506.07,0,
M0730,9,36,8,Starter,834.96,0,2
M0731,3,42,10,Professional,2035.56,1,2
M0732,3,105,3,Professional,1678.32,0,2
M0733,9,20,0,Starter,424.45,0,9
M0734,14,3,0,Starter,,0,10
M0735,24,39,8,Starter,323.67,0,8
M0736,7,72,6,Professional,2355.1,0,9
M0737,6,89,11,Professional,2012.53,0,5
M0738,12,89,4,Professional,1993.15,0,6
M0739,5,314,11,Enterprise,7683.51,0,5
M0740,30,81,10,Professional,2615.7,0,10
M0741,5,7,1,Starter,478.64,1,2
M0742,4,49,6,Professional,2442.48,1,7
M0743,8,8,6,Starter,500.06,0,
M0744,12,75,6,Professional,,0,1
M0745,6,74,2,Professional,2279.63,0,1
M0746,1,104,11,Professional,,0,
M0747,12,22,13,Starter,569.56,1,2
M0748,6,23,6,Starter,522.68,0,6
M0749,13,15,11,Starter,316.4,0,2
M0750,15,41,0,Enterprise,7056.33,0,2
M0751,2,25,4,Starter,446.03,0,6
M0752,7,122,0,Enterprise,6103.69,0,7
M0753,5,105,6,Professional,1682.98,0,6
M0754,3,82,0,Professional,1558.42,1,
M0755,13,186,5,Enterprise,5632.74,0,
M0756,2,17,6,Starter,576.92,0,5
M0757,12,23,5,Starter,540.96,0,7
M0758,17,96,3,Professional,1390.53,0,9
M0759,7,109,6,Professional,2815.06,0,7
M0760,12,102,9,Professional,,0,5
M0761,1,24,3,Starter,,1,
M0762,1,252,2,Enterprise,6707.81,1,3
M0763,14,31,9,Starter,248.89,1,3
M0764,23,47,4,Professional,1699.56,0,9
M0765,21,49,10,Professional,854.7,0,7
M0766,24,108,5,Professional,2059.81,0,2
M0767,6,29,7,Starter,74.47,1,8
M0768,10,,0,Starter,672.47,0,6
M0769,2,12,7,Starter,550.9,0,
M0770,4,19,1,Starter,607.94,1,9
M0771,14,35,0,Starter,293.35,0,8
M0772,23,177,0,Professional,1259.75,0,6
M0773,4,33,5,Starter,575.49,1,8
M0774,5,99,7,Professional,1681.92,0,6
M0775,15,113,4,Professional,821.32,0,10
M0776,22,136,4,Enterprise,6939.61,0,6
M0777,10,28,5,Starter,566.68,0,4
M0778,7,19,,Starter,465.26,0,1
M0779,3,0,5,Professional,551.21,1,3
M0780,4,118,1,Professional,1236.16,0,2
M0781,12,13,2,Starter,631.69,0,1
M0782,15,25,11,Starter,211.26,0,8
M0783,14,110,5,Professional,1895.77,1,7
M0784,1,,7,Enterprise,4167.02,0,3
M0785,28,24,10,Starter,647.14,0,3
M0786,5,28,8,Starter,633.21,1,5
M0787,2,21,5,Starter,113.11,1,1
M0788,12,14,7,Starter,424.66,0,7
M0789,22,12,0,Starter,441.18,0,3
M0790,17,17,6,Starter,508.06,0,7
M0791,16,204,5,Enterprise,10818.21,0,8
M0792,10,24,1,Starter,385.05,1,4
M0793,6,22,11,Starter,632.92,0,5
M0794,23,17,7,Starter,774.74,0,2
M0795,16,28,3,Starter,584.28,0,7
M0796,17,97,7,Enterprise,5642.15,1,9
M0797,6,21,1,Starter,514.13,1,1
M0798,6,63,4,Professional,2405.17,0,10
M0799,11,50,0,Professional,,0,5
M0800,6,22,3,Starter,710.29,0,8
M0801,20,21,4,Starter,577.9,0,6
M0802,11,7,0,Starter,582.06,1,6
M0803,17,36,14,Starter,704.84,0,9
M0804,5,267,6,Enterprise,5768.2,1,7
M0805,8,31,10,Starter,360.41,0,9
M0806,6,24,10,Starter,639.46,0,4
M0807,2,,4,Starter,526.8,1,10
M0808,22,23,6,Starter,442.08,0,7
M0809,15,89,7,Professional,1798.14,0,2
M0810,1,16,4,Starter,841.48,1,3
M0811,8,18,5,Starter,534.73,0,10
M0812,12,98,6,Professional,2053.01,0,2
M0813,7,62,6,Professional,2192.73,1,10
M0814,20,24,8,Starter,316.99,0,3
M0815,1,12,5,Starter,373.58,1,8
M0816,3,5,12,Starter,482.85,1,3
M0817,6,50,5,Professional,912.27,0,6
M0818,20,238,,Enterprise,3327.83,0,4
M0819,5,18,0,Starter,705.48,1,9
M0820,10,168,8,Enterprise,4839.95,0,5
M0821,17,120,9,Professional,2059.75,0,3
M0822,12,206,,Enterprise,,0,5
M0823,1,10,11,Starter,538.92,1,9
M0824,35,10,7,Starter,551.21,0,7
M0825,5,17,8,Starter,299.42,1,3
M0826,6,14,7,Starter,739.35,0,9
M0827,14,117,,Enterprise,1782.62,0,3
M0828,9,12,1,Starter,449.94,0,7
M0829,9,87,3,Professional,1075.5,0,6
M0830,9,46,0,Professional,1921.35,0,3
M0831,,78,5,Enterprise,6588.68,0,
M0832,21,22,6,Starter,600.48,0,10
M0833,8,66,3,Professional,1960.49,0,5
M0834,7,39,6,Professional,1362.56,0,5
M0835,6,9,0,Starter,663.92,1,
M0836,18,71,0,Professional,1887.15,0,10
M0837,6,82,1,Professional,1516.12,0,10
M0838,5,105,0,Professional,1613.74,1,1
M0839,3,28,3,Starter,488.01,1,3
M0840,21,141,11,Enterprise,6698.12,0,1
M0841,7,121,4,Professional,1909.59,0,9
M0842,12,100,8,Professional,819.87,0,9
M0843,24,74,0,Professional,1436.64,0,3
M0844,19,79,3,Professional,1970.07,0,9
M0845,21,198,11,Enterprise,8100.6,0,10
M0846,13,24,,Starter,441.86,0,5
M0847,4,22,1,Starter,228.71,0,10
M0848,31,20,3,Starter,460.08,1,5
M0849,5,14,8,Starter,531.48,0,4
M0850,14,76,5,Professional,1079.28,0,3
M0851,20,62,7,Professional,2618.16,0,9
M0852,14,20,6,Starter,567.66,1,4
M0853,12,18,3,Starter,624.28,0,8
M0854,6,17,4,Professional,2922.56,0,7
M0855,4,34,13,Starter,307.95,0,4
M0856,3,30,4,Starter,645.43,1,5
M0857,7,14,5,Starter,479.81,0,1
M0858,17,18,5,Starter,534.54,0,7
M0859,16,5,1,Professional,1384.91,0,9
M0860,34,18,3,Starter,723.03,0,9
M0861,5,19,,Starter,422.82,1,3
M0862,1,31,1,Starter,446.46,0,10
M0863,5,21,1,Starter,651.24,1,1
M0864,6,11,16,Starter,,1,6
M0865,3,16,4,Starter,608.16,1,7
M0866,16,9,2,Starter,361.89,1,3
M0867,11,24,6,Starter,549.46,1,7
M0868,7,30,13,Professional,2655.93,0,10
M0869,3,121,0,Professional,1838.63,0,4
M0870,5,248,3,Enterprise,4170.31,0,2
M0871,12,131,2,Enterprise,7578.09,0,7
M0872,16,108,1,Professional,2386.92,0,4
M0873,3,19,10,Starter,655.76,0,2
M0874,20,218,0,Enterprise,5005.45,0,6
M0875,1,194,1,Enterprise,6755.66,0,3
M0876,17,57,10,Professional,2039.33,0,6
M0877,23,102,6,Professional,985.76,0,6
M0878,1,125,4,Enterprise,4103.47,1,6
M0879,5,4,8,Starter,507.43,1,3
M0880,4,7,8,Professional,1527.1,1,1
M0881,8,160,5,Enterprise,6795.09,0,8
M0882,14,180,11,Enterprise,7523.38,0,9
M0883,13,123,7,Professional,1797.27,0,9
M0884,12,,0,Starter,752.07,1,3
M0885,3,17,3,Starter,340.38,0,
M0886,12,94,0,Professional,1716.43,0,5
M0887,11,54,4,Professional,2054.73,0,4
M0888,6,11,3,Starter,251.77,0,8
M0889,5,23,12,Starter,429.9,0,7
M0890,14,12,3,Starter,643.75,1,4
M0891,11,268,8,Enterprise,6308.04,1,9
M0892,10,12,0,Starter,645.62,1,6
M0893,22,86,5,Professional,1650.98,0,4
M0894,15,20,0,Starter,661.77,0,2
M0895,8,140,5,Professional,2104.35,0,5
M0896,6,59,10,Professional,1849.1,0,4
M0897,20,,4,Starter,368.51,1,4
M0898,8,108,4,Professional,2310.35,0,9
M0899,5,26,9,Starter,528.22,0,5
M0900,13,33,4,Starter,602.11,0,8
M0901,13,4,4,Starter,454.36,1,3
M0902,18,12,0,Starter,506.37,1,9
M0903,35,16,0,Starter,416.8,0,4
M0904,11,18,1,Starter,717.72,0,3
M0905,8,21,6,Starter,435.83,0,1
M0906,12,10,7,Starter,508.7,0,7
M0907,7,78,9,Professional,1941.04,0,2
M0908,7,54,0,Professional,1042.65,1,8
M0909,5,29,,Starter,850.46,1,8
M0910,15,29,5,Starter,267.86,0,6
M0911,24,137,2,Professional,943.69,0,9
M0912,18,20,2,Starter,629.77,1,4
M0913,1,,6,Professional,1688.13,0,10
M0914,7,97,4,Professional,,0,8
M0915,9,29,,Starter,568.1,0,3
M0916,8,17,7,Starter,405.8,0,1
M0917,20,313,,Enterprise,5044.01,0,1
M0918,14,51,4,Professional,2394.22,0,1
M0919,9,21,3,Starter,526.24,0,1
M0920,7,23,5,Starter,785.8,0,4
M0921,7,18,8,Starter,485.73,1,5
M0922,11,25,0,Starter,,0,10
M0923,13,11,10,Starter,217.77,1,2
M0924,5,19,1,Starter,375.02,0,10
M0925,13,,0,Starter,458.74,0,5
M0926,8,68,2,Professional,1086.27,0,6
M0927,1,25,3,Starter,393.81,1,
M0928,19,228,8,Enterprise,10573.12,1,6
M0929,16,24,7,Starter,528.26,1,3
M0930,5,24,1,Starter,621.39,0,7
M0931,17,65,0,Professional,2690.72,0,7
M0932,13,30,6,Starter,438.12,0,9
M0933,20,69,3,Professional,1533.49,0,5
M0934,5,29,1,Starter,608.06,1,6
M0935,16,269,5,Enterprise,1451.61,0,1
M0936,11,87,1,Professional,2487.12,0,6
M0937,15,,3,Starter,491.12,0,8
M0938,18,29,1,Starter,415.84,1,1
M0939,1,14,10,Starter,491.94,1,2
M0940,19,13,0,Starter,274.19,1,9
M0941,1,10,0,Starter,479.03,1,5
M0942,5,128,7,Enterprise,4359.91,0,5
M0943,16,76,3,Professional,1857.79,0,9
M0944,13,320,9,Enterprise,6218.48,0,10
M0945,5,18,2,Starter,348.01,0,9
M0946,6,22,0,Starter,558.52,1,7
M0947,27,130,1,Enterprise,4981.93,0,
M0948,7,24,15,Starter,559.19,0,4
M0949,23,25,7,Starter,669.16,0,7
M0950,20,9,0,Starter,338.19,0,6
M0951,7,20,1,Starter,490.07,0,8
M0952,11,20,5,Starter,533.76,0,9
M0953,23,68,7,Professional,1321.63,0,7
M0954,4,295,9,Enterprise,9775.33,1,5
M0955,8,65,1,Professional,1317.13,0,3
M0956,15,8,0,Starter,479.05,0,5
M0957,11,130,4,Professional,2425.56,0,1
M0958,12,24,6,Professional,2371.73,0,2
M0959,3,81,9,Professional,1089.4,0,5
M0960,8,23,7,Starter,,0,6
M0961,14,13,3,Starter,526.75,1,7
M0962,,160,1,Enterprise,7616.94,0,8
M0963,3,24,2,Starter,589.09,0,
M0964,6,28,6,Starter,239.38,0,8
M0965,14,25,0,Starter,706.02,0,9
M0966,14,89,9,Professional,2267.32,0,3
M0967,13,17,5,Starter,604.05,1,3
M0968,11,34,0,Starter,439.84,0,4
M0969,,10,2,Starter,697.94,0,4
M0970,34,51,4,Professional,2840.2,0,5
M0971,5,183,10,Enterprise,7961.5,1,9
M0972,8,16,0,Starter,574.69,1,2
M0973,6,65,4,Professional,2197.42,0,3
M0974,24,23,6,Starter,246.76,0,8
M0975,6,17,0,Starter,501.27,0,1
M0976,,76,4,Professional,1606.34,0,
M0977,10,19,0,Starter,579.18,0,10
M0978,12,22,1,Starter,509.89,0,
M0979,8,72,9,Professional,1876.85,0,10
M0980,5,5,4,Starter,,1,2
M0981,24,44,10,Professional,2079.53,0,5
M0982,3,27,3,Starter,504.03,0,9
M0983,24,249,2,Enterprise,6650.99,0,9
M0984,17,85,0,Professional,795.78,0,7
M0985,35,241,7,Enterprise,6573.45,0,1
M0986,7,,9,Professional,2957.07,0,9
M0987,11,39,11,Professional,,1,10
M0988,7,24,10,Starter,404.51,0,5
M0989,1,135,,Professional,2792.6,0,1
M0990,7,8,9,Starter,795.65,1,4
M0991,15,71,7,Professional,1990.29,0,1
M0992,2,238,13,Enterprise,7734.52,0,2
M0993,1,326,3,Enterprise,6108.3,0,3
M0994,16,20,2,Starter,612.06,0,9
M0995,4,91,3,Professional,1072.95,1,
M0996,9,7,0,Starter,602.4,1,3
M0997,2,238,4,Enterprise,5058.52,0,1
M0998,3,190,0,Enterprise,4129.24,1,10
M0999,22,20,6,Starter,584.79,0,5
M1000,10,94,5,Professional,1681.74,0,10
